observed_utc,decisions,fp,fn,errors,interval_fp,interval_fn,interval_per_second,cumulative_per_second,interval_seconds
2026-10-03T01:32:23+00:00,100000000000,0,0,0,0,0,38018637.40463492,38018637.40463492,2630.288901090622
2026-10-03T02:19:22+00:00,200000000000,0,0,0,0,0,35473682.83337329,36702095.693300776,2818.9912073612213
2026-10-03T02:44:31+00:00,300000000000,0,0,0,0,0,66298945.86200813,43118318.42127171,1508.3196074962616
2026-10-03T03:13:04+00:00,400000000000,0,0,0,0,0,58380030.38497643,46133365.38959942,1712.9144904613495
2026-10-03T03:33:23Z,500000000000,0,0,0,0,0,82015787.40747891,50557182.34024181,1219.2774484157562
2026-10-03T03:48:14Z,600000000000,0,0,0,0,0,112241707.08532365,55654878.524480656,890.9344182014465
2026-10-03T04:04:03Z,700000000000,0,0,0,0,0,105324702.36335485,59675174.5955928,949.4448857307434
2026-10-03T04:21:04Z,800000000000,0,0,0,0,0,97924797.26971422,62738392.36854927,1021.1918001174927
2026-10-03T04:39:11Z,900000000000,0,0,0,0,0,92018458.72769561,65037824.513830744,1086.7384803295135
2026-10-03T04:59:24Z,1000000000000,0,0,0,0,0,82418784.3817394,66438927.85127048,1213.3156385421753
2026-10-03T05:21:08Z,1100000000000,0,0,0,0,0,76732359.0439082,67259166.8490033,1303.2311432361603
2026-10-03T05:35:22Z,1200000000000,0,0,0,0,0,117068509.2982558,69731567.81138307,854.2006778717041
2026-10-03T07:39:55Z,1300000000000,0,0,0,0,0,13381283.62977841,52670018.87412024,7473.124609470367
2026-10-03T07:45:34Z,1400000000000,0,0,0,0,0,295130685.52032936,55953432.74311299,338.8329472541809
2026-10-03T07:51:12Z,1500000000000,0,0,0,0,0,295501076.24731624,59150097.10129421,338.4082429409027
2026-10-03T07:57:05Z,1600000000000,0,0,0,0,0,283538486.5241491,62227994.857397385,352.6858072280884
2026-10-03T08:03:00Z,1700000000000,0,0,0,0,0,281759574.1323945,65217025.62862169,354.91251826286316
2026-10-03T08:08:58Z,1800000000000,0,0,0,0,0,278908627.0282053,68116402.73467448,358.5403616428375
2026-10-03T08:15:06Z,1900000000000,0,0,0,0,0,272147860.58495134,70914572.74592489,367.4473125934601
2026-10-03T08:21:24Z,2000000000000,0,0,0,0,0,264295858.72401634,73607445.52531087,378.3638551235199
2026-10-03T08:27:48Z,2100000000000,0,0,0,0,0,260536775.66163385,76211248.98630467,383.82297372817993
