ensemble,profile,seed,index,kind
matched,rough,1000004,755897468,composite_emission
matched,rough,1000004,788609389,composite_emission
matched,rough,1000005,679683105,composite_emission
matched,rough,1000006,105526039,composite_emission
matched,rough,1000008,996816824,composite_emission
matched,rough,1000009,680052635,composite_emission
matched,rough,1000011,982442303,missed_prime
matched,rough,1000019,726778066,composite_emission
matched,rough,1000020,704018693,composite_emission
matched,rough,1000031,320667409,missed_prime
matched,rough,1000032,914389715,composite_emission
matched,rough,1000033,767551595,composite_emission
matched,rough,1000035,579695032,composite_emission
matched,rough,1000035,941004129,composite_emission
matched,rough,1000041,436213726,composite_emission
matched,rough,1000041,782562188,composite_emission
matched,rough,1000049,797121155,composite_emission
matched,rough,1000055,170789680,composite_emission
matched,rough,1000057,463700821,composite_emission
matched,rough,1000062,147719861,missed_prime
matched,uniform,1000004,755897468,composite_emission
matched,uniform,1000004,788609389,composite_emission
matched,uniform,1000005,679683105,composite_emission
matched,uniform,1000006,105526039,composite_emission
matched,uniform,1000008,996816824,composite_emission
matched,uniform,1000009,680052635,composite_emission
matched,uniform,1000011,982442303,missed_prime
matched,uniform,1000019,726778066,composite_emission
matched,uniform,1000020,704018693,composite_emission
matched,uniform,1000031,320667409,missed_prime
matched,uniform,1000032,914389715,composite_emission
matched,uniform,1000033,767551595,composite_emission
matched,uniform,1000035,579695032,composite_emission
matched,uniform,1000035,941004129,composite_emission
matched,uniform,1000041,436213726,composite_emission
matched,uniform,1000041,782562188,composite_emission
matched,uniform,1000049,797121155,composite_emission
matched,uniform,1000055,170789680,composite_emission
matched,uniform,1000057,463700821,composite_emission
matched,uniform,1000062,147719861,missed_prime
fresh,rough,10000004,203033716,composite_emission
fresh,rough,10000006,997044317,missed_prime
fresh,rough,10000012,82866449,composite_emission
fresh,uniform,10000004,203033716,composite_emission
fresh,uniform,10000006,997044317,missed_prime
fresh,uniform,10000012,82866449,composite_emission
