ensemble,profile,seed,tp,fp,fn,exact
matched,rough,1000000,50847534,0,0,True
matched,rough,1000001,50847534,0,0,True
matched,rough,1000002,50847534,0,0,True
matched,rough,1000003,50847534,0,0,True
matched,rough,1000004,50847534,2,0,False
matched,rough,1000005,50847534,1,0,False
matched,rough,1000006,50847534,1,0,False
matched,rough,1000007,50847534,0,0,True
matched,rough,1000008,50847534,1,0,False
matched,rough,1000009,50847534,1,0,False
matched,rough,1000010,50847534,0,0,True
matched,rough,1000011,50847533,0,1,False
matched,rough,1000012,50847534,0,0,True
matched,rough,1000013,50847534,0,0,True
matched,rough,1000014,50847534,0,0,True
matched,rough,1000015,50847534,0,0,True
matched,rough,1000016,50847534,0,0,True
matched,rough,1000017,50847534,0,0,True
matched,rough,1000018,50847534,0,0,True
matched,rough,1000019,50847534,1,0,False
matched,rough,1000020,50847534,1,0,False
matched,rough,1000021,50847534,0,0,True
matched,rough,1000022,50847534,0,0,True
matched,rough,1000023,50847534,0,0,True
matched,rough,1000024,50847534,0,0,True
matched,rough,1000025,50847534,0,0,True
matched,rough,1000026,50847534,0,0,True
matched,rough,1000027,50847534,0,0,True
matched,rough,1000028,50847534,0,0,True
matched,rough,1000029,50847534,0,0,True
matched,rough,1000030,50847534,0,0,True
matched,rough,1000031,50847533,0,1,False
matched,rough,1000032,50847534,1,0,False
matched,rough,1000033,50847534,1,0,False
matched,rough,1000034,50847534,0,0,True
matched,rough,1000035,50847534,2,0,False
matched,rough,1000036,50847534,0,0,True
matched,rough,1000037,50847534,0,0,True
matched,rough,1000038,50847534,0,0,True
matched,rough,1000039,50847534,0,0,True
matched,rough,1000040,50847534,0,0,True
matched,rough,1000041,50847534,2,0,False
matched,rough,1000042,50847534,0,0,True
matched,rough,1000043,50847534,0,0,True
matched,rough,1000044,50847534,0,0,True
matched,rough,1000045,50847534,0,0,True
matched,rough,1000046,50847534,0,0,True
matched,rough,1000047,50847534,0,0,True
matched,rough,1000048,50847534,0,0,True
matched,rough,1000049,50847534,1,0,False
matched,rough,1000050,50847534,0,0,True
matched,rough,1000051,50847534,0,0,True
matched,rough,1000052,50847534,0,0,True
matched,rough,1000053,50847534,0,0,True
matched,rough,1000054,50847534,0,0,True
matched,rough,1000055,50847534,1,0,False
matched,rough,1000056,50847534,0,0,True
matched,rough,1000057,50847534,1,0,False
matched,rough,1000058,50847534,0,0,True
matched,rough,1000059,50847534,0,0,True
matched,rough,1000060,50847534,0,0,True
matched,rough,1000061,50847534,0,0,True
matched,rough,1000062,50847533,0,1,False
matched,rough,1000063,50847534,0,0,True
matched,uniform,1000000,50847534,0,0,True
matched,uniform,1000001,50847534,0,0,True
matched,uniform,1000002,50847534,0,0,True
matched,uniform,1000003,50847534,0,0,True
matched,uniform,1000004,50847534,2,0,False
matched,uniform,1000005,50847534,1,0,False
matched,uniform,1000006,50847534,1,0,False
matched,uniform,1000007,50847534,0,0,True
matched,uniform,1000008,50847534,1,0,False
matched,uniform,1000009,50847534,1,0,False
matched,uniform,1000010,50847534,0,0,True
matched,uniform,1000011,50847533,0,1,False
matched,uniform,1000012,50847534,0,0,True
matched,uniform,1000013,50847534,0,0,True
matched,uniform,1000014,50847534,0,0,True
matched,uniform,1000015,50847534,0,0,True
matched,uniform,1000016,50847534,0,0,True
matched,uniform,1000017,50847534,0,0,True
matched,uniform,1000018,50847534,0,0,True
matched,uniform,1000019,50847534,1,0,False
matched,uniform,1000020,50847534,1,0,False
matched,uniform,1000021,50847534,0,0,True
matched,uniform,1000022,50847534,0,0,True
matched,uniform,1000023,50847534,0,0,True
matched,uniform,1000024,50847534,0,0,True
matched,uniform,1000025,50847534,0,0,True
matched,uniform,1000026,50847534,0,0,True
matched,uniform,1000027,50847534,0,0,True
matched,uniform,1000028,50847534,0,0,True
matched,uniform,1000029,50847534,0,0,True
matched,uniform,1000030,50847534,0,0,True
matched,uniform,1000031,50847533,0,1,False
matched,uniform,1000032,50847534,1,0,False
matched,uniform,1000033,50847534,1,0,False
matched,uniform,1000034,50847534,0,0,True
matched,uniform,1000035,50847534,2,0,False
matched,uniform,1000036,50847534,0,0,True
matched,uniform,1000037,50847534,0,0,True
matched,uniform,1000038,50847534,0,0,True
matched,uniform,1000039,50847534,0,0,True
matched,uniform,1000040,50847534,0,0,True
matched,uniform,1000041,50847534,2,0,False
matched,uniform,1000042,50847534,0,0,True
matched,uniform,1000043,50847534,0,0,True
matched,uniform,1000044,50847534,0,0,True
matched,uniform,1000045,50847534,0,0,True
matched,uniform,1000046,50847534,0,0,True
matched,uniform,1000047,50847534,0,0,True
matched,uniform,1000048,50847534,0,0,True
matched,uniform,1000049,50847534,1,0,False
matched,uniform,1000050,50847534,0,0,True
matched,uniform,1000051,50847534,0,0,True
matched,uniform,1000052,50847534,0,0,True
matched,uniform,1000053,50847534,0,0,True
matched,uniform,1000054,50847534,0,0,True
matched,uniform,1000055,50847534,1,0,False
matched,uniform,1000056,50847534,0,0,True
matched,uniform,1000057,50847534,1,0,False
matched,uniform,1000058,50847534,0,0,True
matched,uniform,1000059,50847534,0,0,True
matched,uniform,1000060,50847534,0,0,True
matched,uniform,1000061,50847534,0,0,True
matched,uniform,1000062,50847533,0,1,False
matched,uniform,1000063,50847534,0,0,True
fresh,rough,10000000,50847534,0,0,True
fresh,rough,10000001,50847534,0,0,True
fresh,rough,10000002,50847534,0,0,True
fresh,rough,10000003,50847534,0,0,True
fresh,rough,10000004,50847534,1,0,False
fresh,rough,10000005,50847534,0,0,True
fresh,rough,10000006,50847533,0,1,False
fresh,rough,10000007,50847534,0,0,True
fresh,rough,10000008,50847534,0,0,True
fresh,rough,10000009,50847534,0,0,True
fresh,rough,10000010,50847534,0,0,True
fresh,rough,10000011,50847534,0,0,True
fresh,rough,10000012,50847534,1,0,False
fresh,rough,10000013,50847534,0,0,True
fresh,rough,10000014,50847534,0,0,True
fresh,rough,10000015,50847534,0,0,True
fresh,uniform,10000000,50847534,0,0,True
fresh,uniform,10000001,50847534,0,0,True
fresh,uniform,10000002,50847534,0,0,True
fresh,uniform,10000003,50847534,0,0,True
fresh,uniform,10000004,50847534,1,0,False
fresh,uniform,10000005,50847534,0,0,True
fresh,uniform,10000006,50847533,0,1,False
fresh,uniform,10000007,50847534,0,0,True
fresh,uniform,10000008,50847534,0,0,True
fresh,uniform,10000009,50847534,0,0,True
fresh,uniform,10000010,50847534,0,0,True
fresh,uniform,10000011,50847534,0,0,True
fresh,uniform,10000012,50847534,1,0,False
fresh,uniform,10000013,50847534,0,0,True
fresh,uniform,10000014,50847534,0,0,True
fresh,uniform,10000015,50847534,0,0,True
