run,seed,model,feedback,through,candidate_decisions,false_events,missed_primes,total_errors,errors_per_billion,snapshot_utc,custody,receipt
control_seed20000001,20000001,128-state balanced,raw,81820000001,81820000000,28,2,30,0.36665851869958443,2026-09-30T10:33:14Z,T500 checkpoint and bulk,control_seed20000001.json
repair_seed20000001,20000001,128-state balanced,checked repair,81175000001,81175000000,28,2,30,0.3695719125346474,2026-09-30T10:33:14Z,T500 checkpoint and bulk,repair_seed20000001.json
repair_seed20000002,20000002,128-state balanced,checked repair,81140000001,81140000000,15,1,16,0.19719004190288392,2026-09-30T10:33:14Z,T500 checkpoint and bulk,repair_seed20000002.json
gpu_30000001,30000001,128-state balanced,checked repair,104479850495,104479850494,23,5,28,0.26799425791299314,2026-09-29T18:39:43Z,"T500 export verified: 6550 files, 4972759124 bytes",gpu_30000001.json
gpu_9360001,9360001,"8-state balanced, eta=3/8",checked repair,172469780479,172469780478,46,7,53,0.3073002113941961,2026-10-01T18:47:45Z,Local checkpoint receipt; bulk last recorded on pod,gpu_9360001.json
gpu_9360001_paired_raw,9360001,"8-state balanced, eta=3/8",raw after repaired prefix,172469780479,172469780478,45,7,52,0.3015020941980792,2026-10-01T18:47:45Z,Local checkpoint receipt; bulk last recorded on pod,gpu_9360001_paired_raw.json
gpu_9360002,9360002,"8-state balanced, eta=3/8",checked repair,172469780479,172469780478,56,6,62,0.3594832661592483,2026-10-01T18:47:45Z,Local checkpoint receipt; bulk last recorded on pod,gpu_9360002.json
gpu_9360003,9360003,"8-state balanced, eta=3/8",raw,172469780479,172469780478,44,4,48,0.2783096254136116,2026-10-01T18:47:45Z,Local checkpoint receipt; bulk last recorded on pod,gpu_9360003.json
gpu_9365001_early_snapshot,9365001,"8-state balanced, eta=3/8",raw; no repair/correction,9110028287,9110028286,3,1,4,0.43907657302744846,2026-10-01T19:43:31Z,"Dated checked-progress observation, not final endpoint; saved-through in receipt",solo_9365001_observation.json
